Update timestamp: Sun Jun 22 16:05:53 UTC 2025
Update timestamp: Mon Jun 23 02:58:42 UTC 2025
Update timestamp: Tue Jun 24 02:51:00 UTC 2025
Update timestamp: Wed Jun 25 02:51:28 UTC 2025
Update timestamp: Thu Jun 26 02:50:11 UTC 2025
Update timestamp: Fri Jun 27 02:51:11 UTC 2025
Update timestamp: Sat Jun 28 02:45:40 UTC 2025
Update timestamp: Sun Jun 29 03:00:45 UTC 2025
Update timestamp: Mon Jun 30 02:56:38 UTC 2025
Update timestamp: Tue Jul  1 03:03:14 UTC 2025
Update timestamp: Wed Jul  2 02:50:48 UTC 2025
Update timestamp: Thu Jul  3 02:52:46 UTC 2025
Update timestamp: Fri Jul  4 02:50:38 UTC 2025
Update timestamp: Sat Jul  5 02:45:28 UTC 2025
Update timestamp: Sun Jul  6 02:59:03 UTC 2025
Update timestamp: Mon Jul  7 02:57:11 UTC 2025
Update timestamp: Tue Jul  8 02:52:07 UTC 2025
Update timestamp: Wed Jul  9 02:54:08 UTC 2025
Update timestamp: Thu Jul 10 02:53:51 UTC 2025
Update timestamp: Fri Jul 11 02:57:44 UTC 2025
Update timestamp: Sat Jul 12 02:56:43 UTC 2025
Update timestamp: Sun Jul 13 03:04:48 UTC 2025
Update timestamp: Mon Jul 14 03:03:36 UTC 2025
Update timestamp: Tue Jul 15 03:01:55 UTC 2025
Update timestamp: Wed Jul 16 02:58:37 UTC 2025
Update timestamp: Thu Jul 17 02:58:43 UTC 2025
Update timestamp: Fri Jul 18 03:01:20 UTC 2025
Update timestamp: Sat Jul 19 02:53:24 UTC 2025
Update timestamp: Sun Jul 20 03:08:31 UTC 2025
Update timestamp: Mon Jul 21 03:07:14 UTC 2025
Update timestamp: Tue Jul 22 03:00:41 UTC 2025
Update timestamp: Wed Jul 23 03:01:50 UTC 2025
Update timestamp: Thu Jul 24 03:00:43 UTC 2025
Update timestamp: Fri Jul 25 03:00:40 UTC 2025
Update timestamp: Sat Jul 26 02:54:59 UTC 2025
Update timestamp: Sun Jul 27 03:10:00 UTC 2025
Update timestamp: Mon Jul 28 03:08:25 UTC 2025
Update timestamp: Tue Jul 29 03:12:13 UTC 2025
Update timestamp: Wed Jul 30 03:04:54 UTC 2025
Update timestamp: Thu Jul 31 03:03:59 UTC 2025
Update timestamp: Fri Aug  1 03:18:23 UTC 2025
Update timestamp: Sat Aug  2 02:55:56 UTC 2025
Update timestamp: Sun Aug  3 03:14:03 UTC 2025
Update timestamp: Mon Aug  4 03:18:28 UTC 2025
Update timestamp: Tue Aug  5 03:07:48 UTC 2025
Update timestamp: Wed Aug  6 03:06:04 UTC 2025
Update timestamp: Thu Aug  7 03:06:05 UTC 2025
Update timestamp: Fri Aug  8 03:05:32 UTC 2025
Update timestamp: Sat Aug  9 02:51:00 UTC 2025
Update timestamp: Sun Aug 10 03:07:08 UTC 2025
Update timestamp: Mon Aug 11 03:05:06 UTC 2025
Update timestamp: Tue Aug 12 02:49:30 UTC 2025
Update timestamp: Wed Aug 13 02:51:36 UTC 2025
Update timestamp: Thu Aug 14 02:52:23 UTC 2025
Update timestamp: Fri Aug 15 02:53:43 UTC 2025
Update timestamp: Sat Aug 16 02:45:54 UTC 2025
Update timestamp: Sun Aug 17 02:57:53 UTC 2025
Update timestamp: Mon Aug 18 03:01:04 UTC 2025
Update timestamp: Tue Aug 19 02:43:36 UTC 2025
Update timestamp: Wed Aug 20 02:41:41 UTC 2025
Update timestamp: Thu Aug 21 02:41:18 UTC 2025
Update timestamp: Fri Aug 22 02:41:30 UTC 2025
Update timestamp: Sat Aug 23 02:35:43 UTC 2025
Update timestamp: Sun Aug 24 02:51:35 UTC 2025
Update timestamp: Mon Aug 25 02:47:21 UTC 2025
Update timestamp: Tue Aug 26 02:42:44 UTC 2025
Update timestamp: Wed Aug 27 02:36:28 UTC 2025
Update timestamp: Thu Aug 28 02:36:07 UTC 2025
Update timestamp: Fri Aug 29 02:36:29 UTC 2025
Update timestamp: Sat Aug 30 02:22:09 UTC 2025
Update timestamp: Sun Aug 31 02:40:32 UTC 2025
Update timestamp: Mon Sep  1 02:54:23 UTC 2025
Update timestamp: Tue Sep  2 02:39:35 UTC 2025
Update timestamp: Wed Sep  3 02:21:06 UTC 2025
Update timestamp: Thu Sep  4 02:21:33 UTC 2025
Update timestamp: Fri Sep  5 02:24:57 UTC 2025
Update timestamp: Sat Sep  6 02:20:51 UTC 2025
Update timestamp: Sun Sep  7 02:37:00 UTC 2025
Update timestamp: Mon Sep  8 02:40:01 UTC 2025
Update timestamp: Tue Sep  9 02:26:37 UTC 2025
Update timestamp: Wed Sep 10 02:21:38 UTC 2025
Update timestamp: Thu Sep 11 02:25:24 UTC 2025
Update timestamp: Fri Sep 12 02:21:05 UTC 2025
Update timestamp: Sat Sep 13 02:15:40 UTC 2025
Update timestamp: Sun Sep 14 02:36:49 UTC 2025
Update timestamp: Mon Sep 15 02:41:07 UTC 2025
Update timestamp: Tue Sep 16 02:22:15 UTC 2025
Update timestamp: Wed Sep 17 02:21:57 UTC 2025
Update timestamp: Thu Sep 18 02:22:24 UTC 2025
Update timestamp: Fri Sep 19 02:26:02 UTC 2025
Update timestamp: Sat Sep 20 02:20:02 UTC 2025
Update timestamp: Sun Sep 21 02:41:19 UTC 2025
Update timestamp: Mon Sep 22 02:41:41 UTC 2025
Update timestamp: Tue Sep 23 02:22:54 UTC 2025
Update timestamp: Wed Sep 24 02:24:09 UTC 2025
Update timestamp: Thu Sep 25 02:26:07 UTC 2025
Update timestamp: Fri Sep 26 02:24:44 UTC 2025
Update timestamp: Sat Sep 27 02:19:35 UTC 2025
Update timestamp: Sun Sep 28 02:41:53 UTC 2025
Update timestamp: Mon Sep 29 02:38:10 UTC 2025
Update timestamp: Tue Sep 30 02:22:49 UTC 2025
Update timestamp: Wed Oct  1 02:44:43 UTC 2025
Update timestamp: Thu Oct  2 02:22:15 UTC 2025
Update timestamp: Fri Oct  3 02:22:03 UTC 2025
Update timestamp: Sat Oct  4 02:17:28 UTC 2025
Update timestamp: Sun Oct  5 02:41:13 UTC 2025
Update timestamp: Mon Oct  6 02:25:40 UTC 2025
Update timestamp: Tue Oct  7 02:23:03 UTC 2025
Update timestamp: Wed Oct  8 02:22:52 UTC 2025
Update timestamp: Thu Oct  9 02:24:47 UTC 2025
Update timestamp: Fri Oct 10 02:25:07 UTC 2025
Update timestamp: Sat Oct 11 02:20:03 UTC 2025
Update timestamp: Sun Oct 12 02:36:39 UTC 2025
Update timestamp: Mon Oct 13 02:43:14 UTC 2025
Update timestamp: Tue Oct 14 02:25:03 UTC 2025
Update timestamp: Wed Oct 15 02:38:36 UTC 2025
Update timestamp: Thu Oct 16 02:26:58 UTC 2025
Update timestamp: Fri Oct 17 02:26:21 UTC 2025
Update timestamp: Sat Oct 18 02:20:40 UTC 2025
Update timestamp: Sun Oct 19 02:48:21 UTC 2025
Update timestamp: Mon Oct 20 02:47:30 UTC 2025
Update timestamp: Tue Oct 21 02:39:32 UTC 2025
Update timestamp: Wed Oct 22 02:43:14 UTC 2025
Update timestamp: Thu Oct 23 02:37:35 UTC 2025
Update timestamp: Fri Oct 24 02:24:30 UTC 2025
Update timestamp: Sat Oct 25 02:26:13 UTC 2025
Update timestamp: Sun Oct 26 02:43:31 UTC 2025
Update timestamp: Mon Oct 27 02:51:14 UTC 2025
Update timestamp: Tue Oct 28 02:40:04 UTC 2025
Update timestamp: Wed Oct 29 02:47:41 UTC 2025
Update timestamp: Thu Oct 30 02:44:28 UTC 2025
Update timestamp: Fri Oct 31 02:42:58 UTC 2025
Update timestamp: Sat Nov  1 02:44:27 UTC 2025
Update timestamp: Sun Nov  2 02:47:54 UTC 2025
Update timestamp: Mon Nov  3 02:48:53 UTC 2025
Update timestamp: Tue Nov  4 02:43:41 UTC 2025
Update timestamp: Wed Nov  5 02:44:37 UTC 2025
Update timestamp: Thu Nov  6 02:45:46 UTC 2025
Update timestamp: Fri Nov  7 02:43:39 UTC 2025
Update timestamp: Sat Nov  8 02:25:46 UTC 2025
Update timestamp: Sun Nov  9 02:46:02 UTC 2025
Update timestamp: Mon Nov 10 02:50:22 UTC 2025
Update timestamp: Tue Nov 11 02:45:38 UTC 2025
Update timestamp: Wed Nov 12 02:44:15 UTC 2025
Update timestamp: Thu Nov 13 02:47:29 UTC 2025
Update timestamp: Fri Nov 14 02:44:59 UTC 2025
Update timestamp: Sat Nov 15 02:39:40 UTC 2025
Update timestamp: Sun Nov 16 02:50:32 UTC 2025
Update timestamp: Mon Nov 17 02:47:31 UTC 2025
Update timestamp: Tue Nov 18 02:44:40 UTC 2025
Update timestamp: Wed Nov 19 02:44:49 UTC 2025
Update timestamp: Thu Nov 20 02:43:11 UTC 2025
Update timestamp: Fri Nov 21 02:43:26 UTC 2025
Update timestamp: Sat Nov 22 02:37:29 UTC 2025
Update timestamp: Sun Nov 23 02:59:23 UTC 2025
Update timestamp: Mon Nov 24 02:55:03 UTC 2025
Update timestamp: Tue Nov 25 02:47:36 UTC 2025
Update timestamp: Wed Nov 26 02:47:28 UTC 2025
Update timestamp: Thu Nov 27 02:44:07 UTC 2025
Update timestamp: Fri Nov 28 02:43:30 UTC 2025
Update timestamp: Sat Nov 29 02:43:02 UTC 2025
Update timestamp: Sun Nov 30 02:58:34 UTC 2025
Update timestamp: Mon Dec  1 03:09:51 UTC 2025
Update timestamp: Tue Dec  2 02:49:55 UTC 2025
Update timestamp: Wed Dec  3 02:49:09 UTC 2025
Update timestamp: Thu Dec  4 02:50:17 UTC 2025
Update timestamp: Fri Dec  5 02:50:51 UTC 2025
Update timestamp: Sat Dec  6 02:42:01 UTC 2025
Update timestamp: Sun Dec  7 02:58:55 UTC 2025
Update timestamp: Mon Dec  8 02:52:29 UTC 2025
Update timestamp: Tue Dec  9 02:50:13 UTC 2025
Update timestamp: Wed Dec 10 02:53:43 UTC 2025
Update timestamp: Thu Dec 11 02:56:00 UTC 2025
Update timestamp: Fri Dec 12 02:54:34 UTC 2025
Update timestamp: Sat Dec 13 02:46:49 UTC 2025
Update timestamp: Sun Dec 14 03:00:12 UTC 2025
Update timestamp: Mon Dec 15 03:00:43 UTC 2025
Update timestamp: Tue Dec 16 02:55:34 UTC 2025
Update timestamp: Wed Dec 17 02:51:23 UTC 2025
Update timestamp: Thu Dec 18 02:52:00 UTC 2025
Update timestamp: Fri Dec 19 02:55:08 UTC 2025
Update timestamp: Sat Dec 20 02:46:17 UTC 2025
Update timestamp: Sun Dec 21 03:00:27 UTC 2025
Update timestamp: Mon Dec 22 03:02:49 UTC 2025
Update timestamp: Tue Dec 23 02:57:17 UTC 2025
Update timestamp: Wed Dec 24 02:54:34 UTC 2025
Update timestamp: Thu Dec 25 02:57:30 UTC 2025
Update timestamp: Fri Dec 26 02:55:55 UTC 2025
Update timestamp: Sat Dec 27 02:52:53 UTC 2025
Update timestamp: Sun Dec 28 03:08:07 UTC 2025
Update timestamp: Mon Dec 29 03:08:28 UTC 2025
Update timestamp: Tue Dec 30 02:58:22 UTC 2025
Update timestamp: Wed Dec 31 02:57:21 UTC 2025
Update timestamp: Thu Jan  1 03:10:16 UTC 2026
Update timestamp: Fri Jan  2 03:00:41 UTC 2026
Update timestamp: Sat Jan  3 02:52:12 UTC 2026
Update timestamp: Sun Jan  4 03:10:54 UTC 2026
Update timestamp: Mon Jan  5 03:14:36 UTC 2026
Update timestamp: Tue Jan  6 02:59:47 UTC 2026
Update timestamp: Wed Jan  7 03:00:10 UTC 2026
Update timestamp: Thu Jan  8 02:59:53 UTC 2026
Update timestamp: Fri Jan  9 03:00:55 UTC 2026
Update timestamp: Sat Jan 10 02:54:05 UTC 2026
Update timestamp: Sun Jan 11 03:10:38 UTC 2026
Update timestamp: Mon Jan 12 03:08:11 UTC 2026
Update timestamp: Tue Jan 13 02:58:55 UTC 2026
Update timestamp: Wed Jan 14 03:06:38 UTC 2026
Update timestamp: Thu Jan 15 03:00:48 UTC 2026
Update timestamp: Fri Jan 16 03:01:49 UTC 2026
Update timestamp: Sat Jan 17 02:53:03 UTC 2026
Update timestamp: Sun Jan 18 03:08:09 UTC 2026
Update timestamp: Mon Jan 19 03:08:47 UTC 2026
Update timestamp: Tue Jan 20 03:03:48 UTC 2026
Update timestamp: Wed Jan 21 03:02:51 UTC 2026
Update timestamp: Thu Jan 22 03:07:09 UTC 2026
